date,Market,High customers,High suppliers,High employees,High communities,Low communities,High esg_refinitive
2016-07-29,1.0002,1.0002,1.0002,1.0002,1.0002,1.0002,1.0002
2016-08-31,1.0047009,0.9951349754367184,1.0105855144957416,0.9982711474007622,0.9955526041166153,1.0079936638759799,1.005611239550307
2016-09-30,1.00831782324,0.9931744250843327,1.0095824704251022,0.9931271436791429,0.9964076550855742,1.0052290990842758,1.0020739527083153
2016-10-31,0.9878489714282281,0.981587000749455,1.000880457253207,0.9684571426902251,0.9930022797891479,0.9919497342969388,1.0075224722877654
2016-11-30,1.0327960996282126,1.0464215972730166,1.0418663590155308,1.0181733707394598,1.0650967745960846,1.0806998694731356,1.0835245747863982
2016-12-30,1.0513864294215205,1.0725540851235325,1.0521002839601532,1.0221386758911322,1.1080893050732323,1.0872313983829753,1.1074007463279743
2017-01-31,1.0742015149399675,1.0994643122453724,1.0661839139203575,1.0413352381902132,1.1535272693029344,1.0975200273061096,1.1364185614655538
2017-02-28,1.1094353246299984,1.1271319478776842,1.1105962624619934,1.0833332401078637,1.177082971230606,1.1347544094736013,1.172236756752016
2017-03-31,1.1120979694091104,1.1359121822918303,1.1162329430965214,1.0949218503044682,1.1767128429971354,1.1439061623601303,1.180382288672034
2017-04-28,1.1219956413368515,1.163701864269187,1.132215193822809,1.1010108239320722,1.1692259771795572,1.1526751845415195,1.182421374642651
2017-05-31,1.1331033981860863,1.1884396255315193,1.138120860328316,1.1320621974913123,1.192625192405464,1.1802230984216056,1.1985467019629736
2017-06-30,1.14500098386704,1.1966973910263747,1.162515543375838,1.1360128687270012,1.201153578958974,1.197944141061413,1.2179692350965987
2017-07-31,1.1683590039379277,1.221972549660821,1.1723680579399887,1.1620000587144166,1.2620337682187468,1.2313030929003843,1.2657920090549317
2017-08-31,1.1701115424438344,1.2283811157010238,1.1868545157654853,1.1637215313090388,1.2599727299184231,1.2378351229498246,1.2885930049958492
2017-09-29,1.2001834090846408,1.249106176325504,1.2099827178571219,1.2097802315308177,1.2819781896418596,1.283111711502466,1.3176477055781355
2017-10-31,1.2250272056526927,1.2784882435474616,1.2408917146228695,1.2308322063690313,1.2982524730410345,1.303079433361043,1.3428534750011427
2017-11-30,1.2612880109400122,1.3240333846855226,1.2790589954313176,1.2780802575241998,1.332625815313942,1.3566726005742527,1.3827164421210896
2017-12-29,1.2773063686789503,1.3383240503999063,1.2765363883300933,1.287839705642668,1.359273285502504,1.3761818697350634,1.4363075606465416
2018-01-31,1.3455145287664063,1.4045891952273375,1.3252753062589073,1.343983756495139,1.3948105915836682,1.44220298526132,1.5140204483656645
2018-02-28,1.2938467708617762,1.3366195585551293,1.2759649360357546,1.2772814143273932,1.3542586917219968,1.3685282160028491,1.44272927192737
2018-03-29,1.2673229120591096,1.311577727300628,1.273298077240542,1.2623076741438528,1.3552723052385645,1.3479378743891177,1.4193654401058138
2018-04-30,1.2735327943281993,1.3315626568032481,1.2768415883802402,1.253510139283881,1.3481710747934053,1.3548791591084337,1.4180883402978872
2018-05-31,1.3072814133778965,1.3369246905590728,1.275088899486102,1.2531971333562815,1.3570901975686571,1.3407478942905788,1.4050656567389157
2018-06-29,1.3142100048687995,1.3515638481664292,1.274323887290225,1.2584834946029484,1.3565388094087343,1.3481260394606236,1.4047826160382486
2018-07-31,1.3571846720280092,1.4268686199414105,1.321409938279842,1.2937512016298904,1.384729141467194,1.3913256819826427,1.4470913644278025
2018-08-31,1.4012931738689194,1.4492224333904284,1.331999173461606,1.3293538033997792,1.3989284317281037,1.4276693046839755,1.4624509857698202
2018-09-28,1.404235889534044,1.4498140170200997,1.3281498865080374,1.316304714089218,1.4035434830261773,1.4245187548807245,1.475724733004614
2018-10-31,1.29723311475155,1.359325219222846,1.2276910683432078,1.1993016026759105,1.3241034179281115,1.2833261287493638,1.3531715637120847
2018-11-30,1.320583310817078,1.3909126924647532,1.2716142309043037,1.2036574265682078,1.378756076682506,1.2957159819266892,1.3723150295545208
2018-12-31,1.1973728879178447,1.2513356559941546,1.1462982466617846,1.0823665403026466,1.2528009215994118,1.1725131207813353,1.2493110919414443
2019-01-31,1.302741702054615,1.3667788273912038,1.259119601726345,1.206953556834222,1.3546177375857784,1.3002285524912365,1.3646603301467337
2019-02-28,1.349249580817965,1.4305752306783648,1.300944174562797,1.2564579317720663,1.4137341160889627,1.3591825329275267,1.4302920742188308
2019-03-29,1.36463102603929,1.4337621449616205,1.311385776295848,1.2810768253046558,1.4223020715910804,1.3770675346673475,1.4430702878577626
2019-04-30,1.4207173612095048,1.4979842229095621,1.356166234636747,1.334022846740317,1.495294476697474,1.4291110751105178,1.4738731274761148
2019-05-31,1.3268079436335565,1.4179119484556038,1.2395574077033291,1.1944851307103292,1.3949535338342647,1.307017452650186,1.351375253888176
2019-06-28,1.4219400731920826,1.5380024155144993,1.318230037967885,1.277697843662727,1.5074746796290301,1.4035791365151529,1.4660937132187302
2019-07-31,1.4398565181143028,1.5583281208427828,1.333935798941021,1.3056012275805469,1.54167525609688,1.4436309497376023,1.4805398764243611
2019-08-30,1.406451846894051,1.5109897390307603,1.2708620538257678,1.2938715213253502,1.5119373743541926,1.4278432909554897,1.424903431580278
2019-09-30,1.43036152829125,1.5485823737187197,1.337139322939042,1.333693437881489,1.5695954002017496,1.4719262771504362,1.4804325502104883
2019-10-31,1.4586826865514169,1.5649727568348732,1.3523193094936419,1.3518629836712526,1.5849706603109106,1.4883605433324767,1.4802617520270296
2019-11-29,1.5158630478642325,1.6055376395913599,1.4068941481173503,1.386629501866564,1.6229633874006073,1.5136882688099638,1.563593384675773
2019-12-31,1.5602778351666546,1.650687921463343,1.4650123435494344,1.430162396846282,1.674929468596832,1.553463647687258,1.6095236803641246
2020-01-31,1.5570012517128047,1.6559303814603874,1.4080443973364074,1.3776121605551903,1.6332497795144099,1.5203374847052378,1.5769089849056719
2020-02-28,1.4307284501988962,1.5089071800557892,1.2747107760866252,1.2494413866811058,1.4674058189896697,1.3787142362968579,1.429335952104673
2020-03-31,1.2308556857061104,1.3018998354029865,1.0499524434809269,1.0055080100187395,1.2315549612578893,1.1451041566462643,1.169945878857944
2020-04-30,1.394928748610735,1.4507145427738386,1.1940684254280265,1.1580402554397349,1.3888065298506367,1.3018308592240067,1.3308812486314212
2020-05-29,1.471091858284881,1.5340246693694721,1.2559258574157692,1.2385149409373184,1.4759593156645208,1.3949750793937126,1.3894043031527417
2020-06-30,1.5069864996270321,1.549369836938731,1.2825450612894695,1.2573876836348172,1.4884590911365776,1.4301154473384068,1.4081845005868971
2020-07-31,1.5931861274056982,1.6597859194909115,1.3217980782796244,1.3260283842848626,1.5746476689368587,1.5288290370207618,1.4900673874731096
2020-08-31,1.7118784938974227,1.7512969164214973,1.4012611177193717,1.370555415338697,1.6462869631591002,1.5773103127276802,1.576603387691192
2020-09-30,1.6493949288701668,1.7071978915520722,1.35958900641211,1.3445867681948678,1.620572657354616,1.5433689356406946,1.5326631826429669
2020-10-30,1.6147576353638933,1.7001266981547625,1.3321261614138524,1.365844765532753,1.6313504163875159,1.557445973909365,1.5296009114324691
2020-11-30,1.8172482428385255,1.9209401317336434,1.4992357287154903,1.5468337283225115,1.8695827871045616,1.7637573497512398,1.7228615329838204
2020-12-31,1.9010233868333815,1.9860797426827574,1.5544503216809284,1.6136223508022787,1.9586102996874724,1.8343479626394499,1.7889045771597056
2021-01-29,1.8953203166728814,1.9594514485036665,1.5489566898617269,1.594271562882115,1.9262558543190047,1.8141793023633228,1.7920425777708402
2021-02-26,1.9557810347747464,2.0732967081879305,1.6193762354235446,1.6929059478722712,2.0390714025883208,1.9170452104435527,1.8831726147665904
2021-03-31,2.0246245271988172,2.2232578581076843,1.7401044521239462,1.8113949121393607,2.1656729767665865,2.0646824534279626,2.032253391981647
2021-04-30,2.1284877654441163,2.327537337319409,1.794532083459418,1.905188661188282,2.2773614078814193,2.148012240622574,2.087705135100833
2021-05-28,2.1431743310256803,2.3606130381475583,1.840426804827076,1.9639931209593908,2.2907742466556464,2.2134409969542044,2.173508714391312
2021-06-30,2.1926816580723734,2.341986478720596,1.8433917934260589,1.942772968615835,2.2522187252454398,2.184537429534299,2.162710797635277
2021-07-30,2.2196516424666637,2.385025046419117,1.8408197421260082,1.9818536523474375,2.2656460660003304,2.2275457292678253,2.1901197685081386
2021-08-31,2.282023853619977,2.4598771037201934,1.8777061735716172,2.039842990567585,2.3062547649855003,2.3086706469731237,2.2601671326505213
2021-09-30,2.184353232685042,2.389446378446312,1.8029400206780737,1.9682707855237036,2.1983847135176275,2.2169939966850407,2.186406052293707
2021-10-29,2.330049593305134,2.5015598177188214,1.883685082481164,2.1135174676113313,2.338930367705288,2.3357972827341165,2.314218306285589
2021-11-30,2.287642690706981,2.476297159665847,1.8463554122456531,2.043211439354517,2.2633666611026615,2.293879271996816,2.22606224081772
2021-12-31,2.3677101848817252,2.5995183594950575,1.9545665979325137,2.1341789132621245,2.38524223659695,2.3878412427740634,2.3521545771665266
2022-01-31,2.231803620269514,2.547034075368555,1.9190309623836805,2.0498290286429777,2.2949003639229986,2.2937359857333326,2.2707070939027587
2022-02-28,2.182257579899531,2.552552786811148,1.8998918799665505,2.0488231545553433,2.313356232580218,2.311660410209883,2.2753865765267633
2022-03-31,2.2538356285202354,2.6029642863288815,1.958811527126877,2.1212991794777327,2.3644617389151676,2.3803454233926624,2.315293966211634
2022-04-29,2.048961969887746,2.5150849711172847,1.866576433034307,1.968630109033341,2.1975115714765363,2.244093710141852,2.122101911891224
2022-05-31,2.047117904114847,2.5295440847971533,1.9121347449658395,2.0140574702179546,2.223834793390025,2.2889987672841228,2.1688732889866236
2022-06-30,1.8751600001692,2.305020406070941,1.7022210085623872,1.7974759827400075,2.0231639478835763,2.04592191945005,1.9378479275066374
2022-07-29,2.049924912184969,2.505399540436535,1.8402002380773144,2.0071824206926485,2.205627458020179,2.281554127245374,2.106539124103645
2022-08-31,1.9765376003287474,2.4525660885220915,1.7928566651771751,1.9446726721607868,2.146892598641193,2.194252722328386,2.05544275246359
2022-09-30,1.7964750249387986,2.252850837780243,1.6231181330175788,1.760848005783023,1.944635065949977,1.984160108519973,1.8682031653315796
2022-10-31,1.9436063294812864,2.487339965909899,1.7929739903844428,1.9329459852364044,2.1413465228224466,2.2057507940223973,2.090265569453084
2022-11-30,2.04292461291778,2.6431498801723463,1.8923123587949575,2.0414921700991617,2.2986938266610784,2.3296175190246533,2.2460043785229447
2022-12-30,1.9209620135265884,2.4907764380956627,1.8203029289914479,1.9514298184454406,2.187836747136091,2.218107651476298,2.156762861426976
