date,Market,High Innovation,High Adaptation-change,High Upskilling,High Advocacy,Low Advocacy,High esg_refinitive
2016-07-29,1.0002,1.0002,1.0002,1.0002,1.0002,1.0002,1.0002
2016-08-31,1.0047009,1.0039742113256696,1.0016514827067393,1.0111476164289601,1.0177215021009836,1.0060979242547003,1.0057847668805944
2016-09-30,1.00831782324,1.006171151835002,1.0038751760876996,1.0105280182450385,1.020802301850622,1.0077919236464998,1.0018422522651778
2016-10-31,0.9878489714282281,0.9862925450677025,0.9934073745998846,1.0062714246452305,1.006559012162064,0.9808875594089757,1.005241550191459
2016-11-30,1.0327960996282126,1.0422861506791266,1.0493562219763732,1.091466324080659,1.0920231321463112,1.041051334472559,1.0801647223939632
2016-12-30,1.0513864294215205,1.0493770090442613,1.078195275732561,1.1287513862134484,1.1233736260211757,1.0681079206395614,1.104547323706647
2017-01-31,1.0742015149399675,1.0781989523452256,1.102531607122548,1.161186228546226,1.1413349673996653,1.105649073314894,1.131910407726597
2017-02-28,1.1094353246299984,1.1102991793146648,1.131355597094552,1.195634730451804,1.177563798838735,1.139076565188482,1.1690040854237918
2017-03-31,1.1120979694091104,1.1155124016374263,1.1430421544038032,1.1934770399810064,1.1664725286410553,1.135154185037307,1.1778276783003723
2017-04-28,1.1219956413368515,1.1338009840636105,1.1462137711043827,1.1952352403604352,1.163577035383108,1.143955677060443,1.1806401491656586
2017-05-31,1.1331033981860863,1.1503695848051596,1.1477005637303412,1.222063595659207,1.192083101557557,1.1578475025481532,1.198057026645144
2017-06-30,1.14500098386704,1.1573875666118587,1.1764200781846719,1.2414670275215312,1.2006495137902886,1.1704714288632292,1.2175438095997058
2017-07-31,1.1683590039379277,1.176630285007596,1.1874574854507598,1.2565262243743176,1.226524168028699,1.181486321069131,1.2631543637759848
2017-08-31,1.1701115424438344,1.1832760449732431,1.1938164796293869,1.2668567875497467,1.2301673674047588,1.1892039119733921,1.2845940821863233
2017-09-29,1.2001834090846408,1.2156986764774385,1.2184257448313216,1.3088808666394283,1.263956772551317,1.2125561162615148,1.3095416184814122
2017-10-31,1.2250272056526927,1.2438179412051813,1.2478329420700653,1.351238917879051,1.2818334406837772,1.2391175641573349,1.336691056337292
2017-11-30,1.2612880109400122,1.3023913888849472,1.2847322042026805,1.3999692449341439,1.3218408341037557,1.2847785765209376,1.372447879991383
2017-12-29,1.2773063686789503,1.3144181729145843,1.2973581457844434,1.4038438222329899,1.3470714618012793,1.2789664100613136,1.419902347190885
2018-01-31,1.3455145287664063,1.3801833321745656,1.3551494016756351,1.449001429626783,1.382769960616665,1.3354668867451072,1.5000713059789157
2018-02-28,1.2938467708617762,1.3164136801296211,1.3141610248752984,1.398008742435262,1.3089123414676491,1.2934489443316648,1.4338713507308398
2018-03-29,1.2673229120591096,1.300949100711588,1.3058689652222863,1.3895240551586432,1.3012324976558924,1.2965035820717759,1.4089796996661301
2018-04-30,1.2735327943281993,1.3077545462997704,1.2946800301773234,1.3824111797829777,1.3020600788434054,1.291698579789233,1.4075169843188666
2018-05-31,1.3072814133778965,1.3212753757633464,1.3196864700121753,1.413318711030684,1.3208821053815973,1.2985910591321652,1.3921709033866219
2018-06-29,1.3142100048687995,1.3299266317851246,1.3404753227899346,1.4094528536777595,1.33880758155082,1.315361908022313,1.3985469392671268
2018-07-31,1.3571846720280092,1.4030304306848755,1.3822244995268544,1.441723005662238,1.3686915005020404,1.3503930697338653,1.4414943930123472
2018-08-31,1.4012931738689194,1.4161247189578907,1.3953735229504016,1.4416825926463506,1.3878974024915245,1.353089782506417,1.45406448881971
2018-09-28,1.404235889534044,1.4207452258625928,1.3939745130238597,1.4293755750230783,1.3901800652434004,1.3557374043059316,1.4730689496885079
2018-10-31,1.29723311475155,1.3126858530168672,1.2732612528601472,1.2929239481772345,1.2978829187841323,1.236084131320544,1.3569287412571558
2018-11-30,1.320583310817078,1.352697482594553,1.3256786807722347,1.3199088727387192,1.3427234553538083,1.3056391426234908,1.3859008487080018
2018-12-31,1.1973728879178447,1.2191219784388265,1.193619837836217,1.1997739651289463,1.1935873262633028,1.1787097258722374,1.2579172381502912
2019-01-31,1.302741702054615,1.3453839425104004,1.3167347827904377,1.3294896547003214,1.3093773128786244,1.2983993918361048,1.3626627057963916
2019-02-28,1.349249580817965,1.3948714308539374,1.3691195331801556,1.3765367722760324,1.3455334784110828,1.349234562883042,1.4243630020224511
2019-03-29,1.36463102603929,1.3900859642199455,1.3726247063070018,1.377352323491822,1.3431902074801871,1.337916652958103,1.439381046940481
2019-04-30,1.4207173612095048,1.4346611509427292,1.421315511520343,1.4432974669321073,1.431327883879435,1.3881767973180354,1.4675350580644293
2019-05-31,1.3268079436335565,1.3277414539338486,1.3262017709936542,1.2916637742756207,1.3079552523573525,1.2813410724636345,1.3417300689397398
2019-06-28,1.4219400731920826,1.4421052918718023,1.4303531249011234,1.4249347794807676,1.4208132033162928,1.3912978501543127,1.4565544864853694
2019-07-31,1.4398565181143028,1.4631768475251425,1.4654722154743092,1.4457322686618919,1.460184272922597,1.416507640396889,1.4738569157849903
2019-08-30,1.406451846894051,1.4254861331664481,1.4186001196088163,1.3865210639962833,1.4046961846512025,1.3581069728617499,1.4214951390477675
2019-09-30,1.43036152829125,1.4654066356260445,1.4687513140497321,1.440087484849106,1.4571344488812181,1.4072717530412062,1.4727495041554148
2019-10-31,1.4586826865514169,1.4921878689822832,1.5069574693491274,1.4580862126490635,1.4571944980397664,1.4387398940079643,1.4745093076802982
2019-11-29,1.5158630478642325,1.52002212167894,1.5394508565493537,1.5207740092805708,1.5107084376703244,1.4866902279567524,1.5558737194343366
2019-12-31,1.5602778351666546,1.563903443129869,1.5744974235560438,1.5999280059302436,1.536719899309411,1.549605937986051,1.603394176995713
2020-01-31,1.5570012517128047,1.5251546524830717,1.5369801965619942,1.559357007892072,1.4982576865453938,1.5191902202122622,1.5748097028895147
2020-02-28,1.4307284501988962,1.383814976321555,1.4114987413413473,1.3931825383874938,1.3509535056255133,1.3817643692368342,1.4264425545073984
2020-03-31,1.2308556857061104,1.184002917847591,1.1901696252401488,1.1116086262022784,1.0891738860475608,1.1372965974906388,1.169015558600998
2020-04-30,1.394928748610735,1.3312782403767613,1.3073802775639547,1.2812709873705492,1.2395208173060768,1.2885834791381237,1.3357420490801817
2020-05-29,1.471091858284881,1.3814307833712725,1.3881819048838384,1.3747919695611233,1.3118693033362803,1.3882503554250243,1.3992392126554487
2020-06-30,1.5069864996270321,1.3928943577264508,1.4236920476246335,1.3878053738360163,1.3110157461242835,1.4094992044074717,1.4123587242701467
2020-07-31,1.5931861274056982,1.4869980767165507,1.5214620324429298,1.4518618649522017,1.3556698644902792,1.4837154135096293,1.4898633703898896
2020-08-31,1.7118784938974227,1.5427218757248709,1.5819916485097418,1.5332030546100508,1.4421337601243456,1.5577052610593338,1.5696009081631679
2020-09-30,1.6493949288701668,1.5158668473652301,1.5497302536669568,1.4853952851236398,1.4213411636967306,1.5340268707427747,1.524855708051823
2020-10-30,1.6147576353638933,1.5383612778479085,1.5792763351276926,1.46802505121673,1.4183070298053368,1.5426803508303133,1.5248954206616065
2020-11-30,1.8172482428385255,1.730965324262277,1.8131137658449394,1.7060897052876078,1.6039585145072253,1.7564509505807724,1.7278520842418112
2020-12-31,1.9010233868333815,1.7838740911345696,1.9056656826209264,1.8034489256425934,1.6624667436292273,1.8478930202693893,1.79175029458714
2021-01-29,1.8953203166728814,1.7493423634757852,1.9077377445450943,1.7407104598381609,1.6481010508331555,1.809187150619721,1.7753288144354604
2021-02-26,1.9557810347747464,1.8575925686655506,2.016623521765938,1.8594353869759406,1.7394397983838599,1.9356697612142542,1.870885695275565
2021-03-31,2.0246245271988172,2.009950304069271,2.140839089607957,1.9531599864895457,1.8702073190561685,2.0542383831957225,2.018072683474394
2021-04-30,2.1284877654441163,2.105093139058385,2.2422407210586233,2.05531015450961,1.9659124320524168,2.175260674207532,2.087798397914449
2021-05-28,2.1431743310256803,2.1450236610053164,2.292297972030523,2.1135003084785007,1.9999105033643274,2.2073487445599094,2.1737401736125315
2021-06-30,2.1926816580723734,2.112220582429215,2.293031128099472,2.098476286293768,1.9542778930905291,2.193440207793264,2.145855314993151
2021-07-30,2.2196516424666637,2.1268175984562476,2.3128836103073644,2.1167411042962185,1.9328788723901416,2.2230034101052367,2.183964757310517
2021-08-31,2.282023853619977,2.1692473046487986,2.4098799459190676,2.185173958408745,1.951113050226006,2.306573983783923,2.2514036712370546
2021-09-30,2.184353232685042,2.0526203688068607,2.3125661557446446,2.115237815442288,1.862908808847725,2.2068036738773893,2.176210656056062
2021-10-29,2.330049593305134,2.143462432090096,2.389474795206132,2.257261225171138,1.957702732198583,2.3113532095468714,2.30467726206937
2021-11-30,2.287642690706981,2.077286677463727,2.3499401352386218,2.1603790139524714,1.888740598694891,2.274230382067302,2.205422431336102
2021-12-31,2.3677101848817252,2.2374827162354474,2.4821163405060833,2.2640778553698855,1.9966992415045597,2.406507396947254,2.3365132763483283
2022-01-31,2.231803620269514,2.1849158173280347,2.3756140282786324,2.181473050745682,1.9367606085315214,2.317193244952196,2.260289587505758
2022-02-28,2.182257579899531,2.1527778815790657,2.3578617020141217,2.200400280442696,1.949780740095089,2.3360631491520123,2.2664205281806775
2022-03-31,2.2538356285202354,2.195312265097726,2.458632496163183,2.2802485072357124,1.9886343486393974,2.4220932842549807,2.3010320373985524
2022-04-29,2.048961969887746,2.1162720440815748,2.2949391338641116,2.1439506894722915,1.8644789912062183,2.3071905662470913,2.1170102531376194
2022-05-31,2.047117904114847,2.161596721070246,2.352148338441656,2.2021372017883754,1.8965831203491628,2.373732365055,2.1607464265553693
2022-06-30,1.8751600001692,1.992828028334386,2.104980617039542,2.0015722477033875,1.7593094467717831,2.139247864574572,1.9357588387300315
2022-07-29,2.049924912184969,2.125810201884972,2.3592958968054027,2.196312285792665,1.8986804116670917,2.363076082412916,2.1112702079534507
2022-08-31,1.9765376003287474,2.0634643018749483,2.3140473585009413,2.1314295204466456,1.856815414998022,2.2978678064503013,2.0694796848902617
2022-09-30,1.7964750249387986,1.8703923531879503,2.113564628432485,1.9471475390911606,1.686023376348359,2.094062883587494,1.8861559781017299
2022-10-31,1.9436063294812864,2.058823084349505,2.38877506152843,2.177014818527414,1.856451226142756,2.324937512805373,2.1029957213660495
2022-11-30,2.04292461291778,2.200461176222884,2.5173591857642146,2.327433003892279,1.9937690964448855,2.4567296971571664,2.2528691312264058
2022-12-30,1.9209620135265884,2.110023437604503,2.4039899046448117,2.2287902250522227,1.889426884332819,2.3658242333067867,2.1538218960231177
