date,Market,High prosperity,High planet,Low people
2016-07-29,1.0002,1.0002,1.0002,1.0002
2016-08-31,1.0047009,0.9917841932549152,1.004841325753847,0.999205932518717
2016-09-30,1.00831782324,0.9938388378898793,1.0117765503555354,1.0061574309140384
2016-10-31,0.9878489714282281,0.9607235650252082,1.0122196901635596,0.9956647070000572
2016-11-30,1.0327960996282126,1.0200364964969804,1.0596717053708484,1.046620165347524
2016-12-30,1.0513864294215205,1.036507565751031,1.084120738664571,1.067398116234443
2017-01-31,1.0742015149399675,1.074886401959564,1.112309039476344,1.097181769560338
2017-02-28,1.1094353246299984,1.1095905823119767,1.1445214201454206,1.1375727520374521
2017-03-31,1.1120979694091104,1.1152492165753427,1.1476946552549985,1.1426724114332558
2017-04-28,1.1219956413368515,1.1235295065016255,1.1562686759833605,1.15124759907179
2017-05-31,1.1331033981860863,1.1382741820197626,1.1658361818503262,1.165167596264643
2017-06-30,1.14500098386704,1.1465180741950525,1.1813297461140415,1.1801720102944289
2017-07-31,1.1683590039379277,1.164310722780888,1.1962477940805516,1.2068576627021304
2017-08-31,1.1701115424438344,1.1634229264228149,1.2127633270536953,1.224626701059631
2017-09-29,1.2001834090846408,1.1964901318960568,1.233212810763305,1.2493726100385556
2017-10-31,1.2250272056526927,1.2183405935637022,1.2665684502324772,1.2819203514135684
2017-11-30,1.2612880109400122,1.2469476730487878,1.3157883430016142,1.3241999651934404
2017-12-29,1.2773063686789503,1.246565406838595,1.334319755449068,1.340480905309126
2018-01-31,1.3455145287664063,1.2969558877294904,1.394167760789548,1.4027431274128799
2018-02-28,1.2938467708617762,1.2442955485435563,1.359962600198513,1.3618356382636032
2018-03-29,1.2673229120591096,1.2116388977883508,1.3460002189199158,1.3411522620724097
2018-04-30,1.2735327943281993,1.2042941485956256,1.3378241433367066,1.3259693861234196
2018-05-31,1.3072814133778965,1.2139522007205201,1.3451178632445946,1.333401668908273
2018-06-29,1.3142100048687995,1.220532582456959,1.349197650073653,1.3398024393646788
2018-07-31,1.3571846720280092,1.269926812455064,1.4031502231039477,1.3982955022998118
2018-08-31,1.4012931738689194,1.2837918122937035,1.4079615041984574,1.3876070100471498
2018-09-28,1.404235889534044,1.2822616918578382,1.3965866164429228,1.3905306787238383
2018-10-31,1.29723311475155,1.1705050052086892,1.2851529704427769,1.285929284439265
2018-11-30,1.320583310817078,1.1877629734372954,1.3594025240256653,1.3447013107587207
2018-12-31,1.1973728879178447,1.0647093482346468,1.234977529997536,1.2314560319733854
2019-01-31,1.302741702054615,1.1832380613453295,1.358112436265156,1.3491220550466876
2019-02-28,1.349249580817965,1.22841937946039,1.4187037326705938,1.409329076196048
2019-03-29,1.36463102603929,1.2349080864199353,1.4305606539353986,1.427836399295997
2019-04-30,1.4207173612095048,1.3032599017742617,1.4957586754179655,1.4860446278087764
2019-05-31,1.3268079436335565,1.1965202851370365,1.3992661986195247,1.394919775422154
2019-06-28,1.4219400731920826,1.306405600030489,1.5129897463116884,1.5159003162867373
2019-07-31,1.4398565181143028,1.331522054014668,1.5314661250010309,1.5434735601181409
2019-08-30,1.406451846894051,1.2892245448361852,1.5108369884171822,1.5187408630349717
2019-09-30,1.43036152829125,1.351236956658499,1.549685971237038,1.563061402915677
2019-10-31,1.4586826865514169,1.3511546183924514,1.5468265618385444,1.5619231730581213
2019-11-29,1.5158630478642325,1.402740072374321,1.6045992302856151,1.6191464578494181
2019-12-31,1.5602778351666546,1.451444078797852,1.6403522174739857,1.653620922356657
2020-01-31,1.5570012517128047,1.4144516544019776,1.6258223452290201,1.6195027835374358
2020-02-28,1.4307284501988962,1.2771300642808958,1.4981834159006797,1.493013709470112
2020-03-31,1.2308556857061104,0.9892401448015435,1.288686552625625,1.2607567522697658
2020-04-30,1.394928748610735,1.1378604465290583,1.429059681449151,1.405625057018405
2020-05-29,1.471091858284881,1.2063202397272565,1.5040157347842351,1.4825385004281435
2020-06-30,1.5069864996270321,1.2140768552904946,1.5388272878545748,1.5177325629048137
2020-07-31,1.5931861274056982,1.2576095506752154,1.5922440877020125,1.5694372960574292
2020-08-31,1.7118784938974227,1.3200770676677567,1.6600212817913327,1.6343651770409957
2020-09-30,1.6493949288701668,1.2882023675027388,1.638976106416845,1.6207985703603236
2020-10-30,1.6147576353638933,1.2884242173650398,1.651866509373664,1.633649328358735
2020-11-30,1.8172482428385255,1.4717231144766485,1.845171219134403,1.8186221507618796
2020-12-31,1.9010233868333815,1.5372474937327367,1.9041500360818335,1.8715306567275052
2021-01-29,1.8953203166728814,1.535003701509541,1.8672743130659637,1.8429777953071194
2021-02-26,1.9557810347747464,1.6179042006970294,1.9665690592948166,1.9308341708034118
2021-03-31,2.0246245271988172,1.7211818713204827,2.1168280095446574,2.0780814391788214
2021-04-30,2.1284877654441163,1.8052902027040867,2.219674097863993,2.1809492792896643
2021-05-28,2.1431743310256803,1.8679447533813196,2.243247480867367,2.1994606493014563
2021-06-30,2.1926816580723734,1.841850632706442,2.2112875255565463,2.1596229612860185
2021-07-30,2.2196516424666637,1.860001005053418,2.2236467969167566,2.180612866108452
2021-08-31,2.282023853619977,1.9089594767418585,2.29288122496448,2.2562489981253186
2021-09-30,2.184353232685042,1.8774401646532606,2.183572906647493,2.1526206602918267
2021-10-29,2.330049593305134,1.9647517331758229,2.2546885032093056,2.2258700391161383
2021-11-30,2.287642690706981,1.9169626253367091,2.181829473434484,2.1634485679550504
2021-12-31,2.3677101848817252,2.046003364035122,2.289294170882694,2.2672878229570967
2022-01-31,2.231803620269514,1.9839210621851742,2.1945781716777333,2.182128887043126
2022-02-28,2.182257579899531,2.0210523109296834,2.121732376394256,2.143495389380502
2022-03-31,2.2538356285202354,2.071597605501975,2.183752133669205,2.2139738867729046
2022-04-29,2.048961969887746,1.954192141968696,2.043682111351285,2.0652745742739658
2022-05-31,2.047117904114847,1.9948966320552521,2.0634235244518027,2.07329632528571
2022-06-30,1.8751600001692,1.7625752227379414,1.860406477187333,1.8830386072390315
2022-07-29,2.049924912184969,1.919895495309235,2.016281708089596,2.029739473503532
2022-08-31,1.9765376003287474,1.8681955629382931,1.9579522107422271,1.970713459130945
2022-09-30,1.7964750249387986,1.7138149766304476,1.7691513636397405,1.7680582466341042
2022-10-31,1.9436063294812864,1.9063475965325098,1.9488501837796675,1.954673084389763
2022-11-30,2.04292461291778,1.999898198602181,2.0957750742361076,2.089223344948756
2022-12-30,1.9209620135265884,1.8919895963176807,2.0120539267397777,2.0034308969280628
2023-01-31,2.057734508889682,2.0289117096325966,2.165004317249409,2.1860883171899594
2023-02-28,2.0095835213816633,1.9577430594072758,2.11390702691668,2.12880122838411
2023-03-31,2.062837484698277,1.918771268656851,2.129991853683943,2.1396092254536496
2023-04-28,2.0842909945391392,1.9272667056020476,2.1280278427530273,2.1404705472821046
2023-05-31,2.0897101511249407,1.8470999456785233,2.070368603393545,2.0923400176946054
2023-06-30,2.233482209522337,2.0040206428229657,2.2604839630748885,2.3024564239221332
2023-07-31,2.313887569065141,2.1033648294183367,2.3279747335691643,2.375097797208008
2023-08-31,2.2678412064407447,2.0546447149239655,2.260756127834943,2.3101215983220458
2023-09-29,2.162159806220606,1.9763762338319348,2.151231392796707,2.1906059627967838
2023-10-31,2.100322035762697,1.9081435918218592,2.045741203916374,2.0878610780286997
2023-11-30,2.2946018240707464,2.0918349242218075,2.2349232241337083,2.286709009864108
2023-12-29,2.415756800381682,2.238507743048729,2.3909482751776463,2.4545293160071293
2024-01-31,2.4420885495058418,2.216435534165492,2.3644094748822813,2.4322835650191768
2024-02-29,2.5702981983548985,2.3142775558660293,2.4911905021731853,2.5854826624255036
2024-03-28,2.654603979260939,2.4250324963572285,2.637951789973865,2.7246796868158727
2024-04-30,2.5436415329278317,2.2932877884904372,2.5520095561928655,2.6230433518876866
2024-05-31,2.6626839566688543,2.3748200240070925,2.636902780269458,2.7198698211612204
2024-06-28,2.7383041810382496,2.366426962531239,2.6114733031966892,2.7050699367813786
2024-07-31,2.7911534517322876,2.510943277500998,2.7626974403241746,2.8456974075687196
2024-08-30,2.8514423662897044,2.577890944612357,2.800092900769634,2.904942881921941
2024-09-30,2.911607800218417,2.6317493788032085,2.876203020960603,2.978105084871805
2024-10-31,2.8918088671769318,2.655888024258339,2.905941731610154,2.975405854532537
2024-11-29,3.088741051031681,2.896292963876413,3.0951203377373178,3.1787831127740453
2024-12-31,2.9936078266599053,2.6467024000705823,2.86821905526723,2.9667168736231715
